feature1,feature2,label
4.855064,9.639962,1
8.62544,0.058927,0
3.828192,0.723199,0
7.150955,3.89942,1
6.4779,8.198181,1
1.92227,1.331427,0
8.978216,0.993438,1
6.635603,8.542803,1
7.672359,5.4164,1
4.866015,2.042671,0
6.861405,9.65531,1
8.540421,2.590374,1
3.717881,5.381662,0
9.181297,0.171475,1
9.56014,0.024946,0
5.971369,4.188302,1
9.438203,1.943812,1
4.357551,9.887983,1
4.540332,6.713873,1
1.549102,9.375132,0
8.081974,9.842207,1
9.620465,2.099328,1
8.834771,3.152204,1
